epoch,step,train_loss
0,49,5.694185256958008
1,99,4.769137859344482
2,149,4.482067108154297
3,199,4.353672027587891
4,249,4.264512538909912
